1,Dropout
1,Dropout
1,Dropout
1,Dropout
1,Dropout
1,Dropout
1,Dropout
1,Dropout
1,Dropout
1,Dropout
1,Dropout
1,Dropout
1,Dropout
1,Dropout
1,Dropout
1,Dropout
1,Dropout
1,Dropout
1,Dropout
1,Dropout
1,Dropout
1,Dropout
1,Dropout
1,Dropout
1,Dropout
1,Dropout
1,Dropout
1,Dropout
1,Dropout
1,Dropout
1,Dropout
1,Dropout
1,Dropout
1,Dropout
1,Dropout
1,Dropout
1,Dropout
1,Dropout
1,Dropout
1,Dropout
1,Dropout
1,Dropout
1,Dropout
1,Dropout
1,Dropout
1,Dropout
1,Dropout
1,Dropout
1,Dropout
1,Dropout
1,Dropout
1,Dropout
1,Dropout
1,Dropout
1,Dropout
1,Dropout
1,Dropout
1,Dropout
1,Dropout
1,Dropout
1,Dropout
1,Dropout
1,Dropout
1,Dropout
1,Dropout
1,Dropout
1,Dropout
1,Dropout
1,Dropout
1,Dropout
1,Dropout
1,Dropout
1,Dropout
1,Dropout
1,Dropout
1,Dropout
1,Dropout
1,Dropout
1,Dropout
1,Dropout
1,Dropout
1,Dropout
1,Dropout
1,Dropout
1,Dropout
1,Dropout
1,Dropout
1,Dropout
1,Dropout
1,Dropout
1,Dropout
1,Dropout
1,Dropout
1,Dropout
1,Dropout
1,Dropout
1,Dropout
1,Dropout
1,Dropout
1,Dropout
1,Dropout
1,Dropout
1,Dropout
1,Dropout
1,Dropout
1,Dropout
1,Dropout
1,Dropout
1,Dropout
1,Dropout
1,Dropout
1,Dropout
1,Dropout
1,Dropout
1,Dropout
1,Dropout
1,Dropout
1,Dropout
1,Dropout
1,Dropout
1,Dropout
1,Dropout
1,Dropout
1,Dropout
1,Dropout
1,Dropout
1,Dropout
1,Dropout
1,Dropout
1,Dropout
1,Dropout
1,Dropout
1,Dropout
1,Dropout
1,Dropout
1,Dropout
1,Dropout
1,Dropout
1,Dropout
1,Dropout
1,Dropout
1,Dropout
1,Dropout
1,Dropout
1,Dropout
1,Dropout
1,Dropout
1,Dropout
1,Dropout
1,Dropout
1,Dropout
1,Dropout
1,Dropout
1,Dropout
1,Dropout
1,Dropout
1,Dropout
1,Dropout
1,Dropout
1,Dropout
1,Dropout
1,Dropout
1,Dropout
1,Dropout
1,Dropout
1,Dropout
1,Dropout
1,Dropout
1,Dropout
1,Dropout
1,Dropout
1,Dropout
1,Dropout
1,Dropout
1,Dropout
1,Dropout
1,Dropout
1,Dropout
1,Dropout
1,Dropout
1,Dropout
1,Dropout
1,Dropout
1,Dropout
1,Dropout
1,Dropout
1,Dropout
1,Dropout
1,Dropout
1,Dropout
1,Dropout
1,Dropout
1,Dropout
1,Dropout
1,Dropout
1,Dropout
1,Dropout
1,Dropout
1,Dropout
1,Dropout
1,Dropout
1,Dropout
1,Dropout
1,Dropout
1,Dropout
1,Dropout
1,Dropout
1,Dropout
1,Dropout
1,Dropout
1,Dropout
1,Dropout
1,Dropout
1,Dropout
1,Dropout
1,Dropout
1,Dropout
1,Dropout
1,Dropout
1,Dropout
1,Dropout
1,Dropout
1,Dropout
1,Dropout
1,Dropout
1,Dropout
1,Dropout
1,Dropout
1,Dropout
1,Dropout
1,Dropout
1,Dropout
1,Dropout
1,Dropout
1,Dropout
1,Dropout
1,Dropout
1,Dropout
1,Dropout
1,Dropout
1,Dropout
1,Dropout
1,Dropout
1,Dropout
1,Dropout
1,Dropout
1,Dropout
1,Dropout
1,Dropout
1,Dropout
1,Dropout
1,Dropout
1,Dropout
1,Dropout
1,Dropout
1,Dropout
1,Dropout
1,Dropout
1,Dropout
1,Dropout
1,Dropout
1,Dropout
1,Dropout
1,Dropout
1,Dropout
1,Dropout
1,Dropout
1,Dropout
1,Dropout
1,Dropout
1,Dropout
1,Dropout
1,Dropout
1,Dropout
1,Dropout
1,Dropout
1,Dropout
1,Dropout
1,Dropout
1,Dropout
1,Dropout
1,Dropout
1,Dropout
1,Dropout
1,Dropout
1,Dropout
1,Dropout
1,Dropout
1,Dropout
1,Dropout
1,Dropout
1,Dropout
1,Dropout
1,Dropout
1,Dropout
1,Dropout
1,Dropout
1,Dropout
1,Dropout
1,Dropout
1,Dropout
1,Dropout
1,Dropout
1,Dropout
1,Dropout
1,Dropout
1,Dropout
1,Dropout
1,Dropout
1,Dropout
1,Dropout
1,Dropout
1,Dropout
1,Dropout
1,Dropout
1,Dropout
1,Dropout
1,Dropout
1,Dropout
1,Dropout
1,Dropout
1,Dropout
1,Dropout
1,Dropout
1,Dropout
1,Dropout
1,Dropout
1,Dropout
1,Dropout
1,Dropout
1,Dropout
1,Dropout
1,Dropout
1,Dropout
1,Dropout
1,Dropout
1,Dropout
1,Dropout
1,Dropout
1,Dropout
1,Dropout
1,Dropout
1,Dropout
1,Dropout
1,Dropout
1,Dropout
1,Dropout
1,Dropout
1,Dropout
1,Dropout
1,Dropout
1,Dropout
1,Dropout
1,Dropout
1,Dropout
1,Dropout
1,Dropout
1,Dropout
1,Dropout
1,Dropout
1,Dropout
1,Dropout
1,Dropout
1,Dropout
1,Dropout
1,Dropout
1,Dropout
1,Dropout
1,Dropout
1,Dropout
1,Dropout
1,Dropout
1,Dropout
1,Dropout
1,Dropout
1,Dropout
1,Dropout
1,Dropout
1,Dropout
1,Dropout
1,Dropout
1,Dropout
1,Dropout
1,Dropout
1,Dropout
1,Dropout
1,Dropout
1,Dropout
1,Dropout
1,Dropout
1,Dropout
1,Dropout
1,Dropout
1,Dropout
1,Dropout
1,Dropout
1,Dropout
1,Dropout
1,Dropout
1,Dropout
1,Dropout
1,Dropout
1,Dropout
1,Dropout
1,Dropout
1,Dropout
1,Dropout
1,Dropout
1,Dropout
1,Dropout
1,Dropout
1,Dropout
1,Dropout
1,Dropout
1,Dropout
1,Dropout
1,Dropout
1,Dropout
1,Dropout
1,Dropout
1,Dropout
1,Dropout
1,Dropout
1,Dropout
1,Dropout
1,Dropout
1,Dropout
1,Dropout
1,Dropout
1,Dropout
1,Dropout
1,Dropout
1,Dropout
1,Dropout
1,Dropout
1,Dropout
1,Dropout
1,Dropout
1,Dropout
1,Dropout
1,Dropout
1,Dropout
1,Dropout
1,Dropout
1,Dropout
1,Dropout
1,Dropout
1,Dropout
1,Dropout
1,Dropout
1,Dropout
1,Dropout
1,Dropout
1,Dropout
1,Dropout
1,Dropout
1,Dropout
1,Dropout
1,Dropout
1,Dropout
1,Dropout
1,Dropout
1,Dropout
1,Dropout
1,Dropout
1,Dropout
1,Dropout
1,Dropout
1,Dropout
1,Dropout
1,Dropout
1,Dropout
1,Dropout
1,Dropout
1,Dropout
1,Dropout
1,Dropout
1,Dropout
1,Dropout
1,Dropout
1,Dropout
1,Dropout
1,Dropout
1,Dropout
1,Dropout
1,Dropout
1,Dropout
1,Dropout
1,Dropout
1,Dropout
1,Dropout
1,Dropout
1,Dropout
1,Dropout
1,Dropout
1,Dropout
1,Dropout
1,Dropout
1,Dropout
1,Dropout
1,Dropout
1,Dropout
1,Dropout
1,Dropout
1,Dropout
1,Dropout
1,Dropout
1,Dropout
1,Dropout
1,Dropout
1,Dropout
1,Dropout
1,Dropout
1,Dropout
1,Dropout
1,Dropout
1,Dropout
1,Dropout
1,Dropout
1,Dropout
1,Dropout
1,Dropout
1,Dropout
1,Dropout
1,Dropout
1,Dropout
1,Dropout
1,Dropout
1,Dropout
1,Dropout
1,Dropout
1,Dropout
1,Dropout
1,Dropout
1,Dropout
1,Dropout
1,Dropout
1,Dropout
1,Dropout
1,Dropout
1,Dropout
1,Dropout
1,Dropout
1,Dropout
1,Dropout
1,Dropout
1,Dropout
1,Dropout
1,Dropout
1,Dropout
1,Dropout
1,Dropout
1,Dropout
1,Dropout
1,Dropout
1,Dropout
1,Dropout
1,Dropout
1,Dropout
1,Dropout
1,Dropout
1,Dropout
1,Dropout
1,Dropout
1,Dropout
1,Dropout
1,Dropout
1,Dropout
1,Dropout
1,Dropout
1,Dropout
1,Dropout
1,Dropout
1,Dropout
1,Dropout
1,Dropout
1,Dropout
1,Dropout
1,Dropout
1,Dropout
1,Dropout
1,Dropout
1,Dropout
1,Dropout
1,Dropout
1,Dropout
1,Dropout
1,Dropout
1,Dropout
1,Dropout
1,Dropout
1,Dropout
1,Dropout
1,Dropout
1,Dropout
1,Dropout
1,Dropout
1,Dropout
1,Dropout
1,Dropout
1,Dropout
1,Dropout
1,Dropout
1,Dropout
1,Dropout
1,Dropout
1,Dropout
1,Dropout
1,Dropout
1,Dropout
1,Dropout
1,Dropout
1,Dropout
1,Dropout
1,Dropout
1,Dropout
1,Dropout
1,Dropout
1,Dropout
1,Dropout
1,Dropout
1,Dropout
1,Dropout
1,Dropout
1,Dropout
1,Dropout
1,Dropout
1,Dropout
1,Dropout
1,Dropout
1,Dropout
1,Dropout
1,Dropout
1,Dropout
1,Dropout
1,Dropout
1,Dropout
1,Dropout
1,Dropout
1,Dropout
1,Dropout
1,Dropout
1,Dropout
1,Dropout
1,Dropout
1,Dropout
1,Dropout
1,Dropout
1,Dropout
1,Dropout
1,Dropout
1,Dropout
1,Dropout
1,Dropout
1,Dropout
1,Dropout
1,Dropout
1,Dropout
1,Dropout
1,Dropout
1,Dropout
1,Dropout
1,Dropout
1,Dropout
1,Dropout
1,Dropout
1,Dropout
1,Dropout
1,Dropout
1,Dropout
1,Dropout
1,Dropout
1,Dropout
1,Dropout
1,Dropout
1,Dropout
1,Dropout
1,Dropout
1,Dropout
1,Dropout
1,Dropout
1,Dropout
1,Dropout
1,Dropout
1,Dropout
1,Dropout
1,Dropout
1,Dropout
1,Dropout
1,Dropout
1,Dropout
1,Dropout
1,Dropout
1,Dropout
1,Dropout
1,Dropout
1,Dropout
1,Dropout
1,Dropout
1,Dropout
1,Dropout
1,Dropout
1,Dropout
1,Dropout
1,Dropout
1,Dropout
1,Dropout
1,Dropout
1,Dropout
1,Dropout
1,Dropout
1,Dropout
1,Dropout
1,Dropout
1,Dropout
1,Dropout
1,Dropout
1,Dropout
1,Dropout
1,Dropout
1,Dropout
1,Dropout
1,Dropout
1,Dropout
1,Dropout
1,Dropout
1,Dropout
1,Dropout
1,Dropout
1,Dropout
1,Dropout
1,Dropout
1,Dropout
1,Dropout
1,Dropout
1,Dropout
1,Dropout
1,Dropout
1,Dropout
1,Dropout
1,Dropout
1,Dropout
1,Dropout
1,Dropout
1,Dropout
1,Dropout
1,Dropout
1,Dropout
1,Dropout
1,Dropout
1,Dropout
1,Dropout
1,Dropout
1,Dropout
1,Dropout
1,Dropout
1,Dropout
1,Dropout
1,Dropout
1,Dropout
1,Dropout
1,Dropout
1,Dropout
1,Dropout
1,Dropout
1,Dropout
1,Dropout
1,Dropout
1,Dropout
1,Dropout
1,Dropout
1,Dropout
1,Dropout
1,Dropout
1,Dropout
1,Dropout
1,Dropout
1,Dropout
1,Dropout
1,Dropout
1,Dropout
1,Dropout
1,Dropout
1,Dropout
1,Dropout
1,Dropout
1,Dropout
1,Dropout
1,Dropout
1,Dropout
1,Dropout
1,Dropout
1,Dropout
1,Dropout
1,Dropout
1,Dropout
1,Dropout
1,Dropout
1,Dropout
1,Dropout
1,Dropout
1,Dropout
1,Dropout
1,Dropout
1,Dropout
1,Dropout
1,Dropout
1,Dropout
1,Dropout
1,Dropout
1,Dropout
1,Dropout
1,Dropout
1,Dropout
1,Dropout
1,Dropout
1,Dropout
1,Dropout
1,Dropout
1,Dropout
1,Dropout
1,Dropout
1,Dropout
1,Dropout
1,Dropout
1,Dropout
1,Dropout
1,Dropout
1,Dropout
1,Dropout
1,Dropout
1,Dropout
1,Dropout
1,Dropout
1,Dropout
1,Dropout
1,Dropout
1,Dropout
1,Dropout
1,Dropout
1,Dropout
1,Dropout
1,Dropout
1,Dropout
1,Dropout
1,Dropout
1,Dropout
1,Dropout
1,Dropout
1,Dropout
1,Dropout
1,Dropout
1,Dropout
1,Dropout
1,Dropout
1,Dropout
1,Dropout
1,Dropout
1,Dropout
1,Dropout
1,Dropout
1,Dropout
1,Dropout
1,Dropout
1,Dropout
1,Dropout
1,Dropout
1,Dropout
1,Dropout
1,Dropout
1,Dropout
1,Dropout
1,Dropout
1,Dropout
1,Dropout
1,Dropout
1,Dropout
1,Dropout
1,Dropout
1,Dropout
1,Dropout
1,Dropout
1,Dropout
1,Dropout
1,Dropout
1,Dropout
1,Dropout
1,Dropout
1,Dropout
1,Dropout
1,Dropout
1,Dropout
1,Dropout
1,Dropout
1,Dropout
1,Dropout
1,Dropout
1,Dropout
1,Dropout
1,Dropout
1,Dropout
1,Dropout
1,Dropout
1,Dropout
1,Dropout
1,Dropout
1,Dropout
1,Dropout
1,Dropout
1,Dropout
1,Dropout
1,Dropout
1,Dropout
1,Dropout
1,Dropout
1,Dropout
1,Dropout
1,Dropout
1,Dropout
1,Dropout
1,Dropout
1,Dropout
1,Dropout
1,Dropout
1,Dropout
1,Dropout
1,Dropout
1,Dropout
1,Dropout
1,Dropout
1,Dropout
1,Dropout
1,Dropout
1,Dropout
1,Dropout
1,Dropout
1,Dropout
1,Dropout
1,Dropout
1,Dropout
1,Dropout
1,Dropout
1,Dropout
1,Dropout
1,Dropout
1,Dropout
1,Dropout
1,Dropout
1,Dropout
1,Dropout
1,Dropout
1,Dropout
1,Dropout
1,Dropout
1,Dropout
1,Dropout
1,Dropout
1,Dropout
1,Dropout
1,Dropout
1,Dropout
1,Dropout
1,Dropout
1,Dropout
